-- MySQL dump 10.13  Distrib 5.7.17, for Win64 (x86_64)
--
-- Host: localhost    Database: easypark
-- ------------------------------------------------------
-- Server version	5.7.21-log

/*!40101 SET @OLD_CHARACTER_SET_CLIENT=@@CHARACTER_SET_CLIENT */;
/*!40101 SET @OLD_CHARACTER_SET_RESULTS=@@CHARACTER_SET_RESULTS */;
/*!40101 SET @OLD_COLLATION_CONNECTION=@@COLLATION_CONNECTION */;
/*!40101 SET NAMES utf8 */;
/*!40103 SET @OLD_TIME_ZONE=@@TIME_ZONE */;
/*!40103 SET TIME_ZONE='+00:00' */;
/*!40014 SET @OLD_UNIQUE_CHECKS=@@UNIQUE_CHECKS, UNIQUE_CHECKS=0 */;
/*!40014 SET @OLD_FOREIGN_KEY_CHECKS=@@FOREIGN_KEY_CHECKS, FOREIGN_KEY_CHECKS=0 */;
/*!40101 SET @OLD_SQL_MODE=@@SQL_MODE, SQL_MODE='NO_AUTO_VALUE_ON_ZERO' */;
/*!40111 SET @OLD_SQL_NOTES=@@SQL_NOTES, SQL_NOTES=0 */;

--
-- Table structure for table `parking`
--

DROP TABLE IF EXISTS `parking`;
/*!40101 SET @saved_cs_client     = @@character_set_client */;
/*!40101 SET character_set_client = utf8 */;
CREATE TABLE `parking` (
  `id_parking` int(10) NOT NULL AUTO_INCREMENT,
  `nom` varchar(300) NOT NULL,
  `place_total` int(11) NOT NULL,
  PRIMARY KEY (`id_parking`),
  UNIQUE KEY `idParking_UNIQUE` (`id_parking`)
) ENGINE=InnoDB AUTO_INCREMENT=7 DEFAULT CHARSET=utf8;
/*!40101 SET character_set_client = @saved_cs_client */;

--
-- Dumping data for table `parking`
--

LOCK TABLES `parking` WRITE;
/*!40000 ALTER TABLE `parking` DISABLE KEYS */;
INSERT INTO `parking` VALUES (1,'park1',1000),(2,'park2',2000),(3,'park3',100),(5,'park4',1000),(6,'park5',1);
/*!40000 ALTER TABLE `parking` ENABLE KEYS */;
UNLOCK TABLES;

--
-- Table structure for table `place`
--

DROP TABLE IF EXISTS `place`;
/*!40101 SET @saved_cs_client     = @@character_set_client */;
/*!40101 SET character_set_client = utf8 */;
CREATE TABLE `place` (
  `id_place` int(11) NOT NULL AUTO_INCREMENT,
  `latitude` double NOT NULL,
  `longitude` double NOT NULL,
  `empty` tinyint(4) NOT NULL,
  `parking_id_parking` int(10) NOT NULL,
  PRIMARY KEY (`id_place`),
  UNIQUE KEY `idPlace_UNIQUE` (`id_place`),
  KEY `fk_place_parking_idx` (`parking_id_parking`),
  CONSTRAINT `fk_place_parking` FOREIGN KEY (`parking_id_parking`) REFERENCES `parking` (`id_parking`) ON DELETE NO ACTION ON UPDATE NO ACTION
) ENGINE=InnoDB AUTO_INCREMENT=14 DEFAULT CHARSET=utf8;
/*!40101 SET character_set_client = @saved_cs_client */;

--
-- Dumping data for table `place`
--

LOCK TABLES `place` WRITE;
/*!40000 ALTER TABLE `place` DISABLE KEYS */;
INSERT INTO `place` VALUES (1,50.618317,3.050017,1,1),(2,50.387617,19.7595,0,3),(3,50.38767,19.759882,1,3),(4,23.3536546,44.536465,0,2),(5,11.4455,44.3545,1,2),(6,11.4455,44.3545,1,2),(7,333333,555555,1,3),(9,333333,555555,1,6),(12,22222222,222222222,1,2),(13,22222222,222222222,1,3);
/*!40000 ALTER TABLE `place` ENABLE KEYS */;
UNLOCK TABLES;

--
-- Table structure for table `utilisateur`
--

DROP TABLE IF EXISTS `utilisateur`;
/*!40101 SET @saved_cs_client     = @@character_set_client */;
/*!40101 SET character_set_client = utf8 */;
CREATE TABLE `utilisateur` (
  `id_utilisateur` int(10) NOT NULL AUTO_INCREMENT,
  `nom` varchar(300) NOT NULL,
  `prenom` varchar(300) NOT NULL,
  `email` varchar(300) NOT NULL,
  `password` varchar(300) NOT NULL,
  PRIMARY KEY (`id_utilisateur`),
  UNIQUE KEY `idutilisateur_UNIQUE` (`id_utilisateur`),
  UNIQUE KEY `email_UNIQUE` (`email`)
) ENGINE=InnoDB AUTO_INCREMENT=14 DEFAULT CHARSET=utf8;
/*!40101 SET character_set_client = @saved_cs_client */;

--
-- Dumping data for table `utilisateur`
--

LOCK TABLES `utilisateur` WRITE;
/*!40000 ALTER TABLE `utilisateur` DISABLE KEYS */;
INSERT INTO `utilisateur` VALUES (1,'Ainouch','khalid','khalid.ainouch@gmail.com','toto'),(2,'cricri','katkat','cricri@katkat.fr','titi'),(3,'Ainouch','lol','ahah','jojo'),(4,'ainouch','khalid','khalid','khalid'),(7,'Ainouch','khalid','khalid.ainoch@gmail.com','toto'),(9,'Ainouch','khalid','khalid.ainoch@gmail.com2','toto'),(10,'a','z','truc','pipi'),(11,'khalid','mdrrrr','nono','nono'),(12,'k','k','ll','ll'),(13,'a','a','b','b');
/*!40000 ALTER TABLE `utilisateur` ENABLE KEYS */;
UNLOCK TABLES;
/*!40103 SET TIME_ZONE=@OLD_TIME_ZONE */;

/*!40101 SET SQL_MODE=@OLD_SQL_MODE */;
/*!40014 SET FOREIGN_KEY_CHECKS=@OLD_FOREIGN_KEY_CHECKS */;
/*!40014 SET UNIQUE_CHECKS=@OLD_UNIQUE_CHECKS */;
/*!40101 SET CHARACTER_SET_CLIENT=@OLD_CHARACTER_SET_CLIENT */;
/*!40101 SET CHARACTER_SET_RESULTS=@OLD_CHARACTER_SET_RESULTS */;
/*!40101 SET COLLATION_CONNECTION=@OLD_COLLATION_CONNECTION */;
/*!40111 SET SQL_NOTES=@OLD_SQL_NOTES */;

-- Dump completed on 2018-03-16  3:02:11
